name,url,class,status,description,hiring?
Airware,http://www.airware.com,W13,Fighting,Airware specializes in the development of autopilots for unmanned aircraft systems.,true
Beatdeck,https://www.beatdeck.com,W13,Fighting,"Free, powerful social metrics combined with effective campaign feedback.",false
Bitnami,http://bitnami.com,W13,Fighting,The App Store for server software. Run any app on any platform.,true
BuildZoom,http://www.buildzoom.com,W13,Fighting,"BuildZoom is your one-stop shop for getting a house built, remodeled or repaired.",false
CircuitLab,http://circuitlab.com,W13,Fighting,"We're making it easier for engineers, students, and hobbyists to design, analyze, build, and share circuits.",false
CrowdMed,http://www.crowdmed.com,W13,Fighting,CrowdMed is revolutionizing healthcare by harnessing ‘the wisdom of crowds’ to help solve even the world’s most difficult medical cases quickly and accurately online.,false
Errplane,http://errplane.com,W13,Fighting,"Monitoring, error reporting, and metrics for all your applications.",false
Fivetran,http://fivetran.com,W13,Fighting,Spreadsheets for big data.,false
FlightCar,http://flightcar.com,W13,Fighting,FlightCar lets people parking at the airport rent their vehicles out to other travelers. Never pay for airport parking again.,false
Goldbely,http://www.goldbely.com,W13,Fighting,Our vision is an online marketplace that connects curious eaters with America's best gourmet food purveyors.,false
Heap Analytics,https://heapanalytics.com,W13,Fighting,"Heap automatically captures every user action in your web app and lets you measure it all. Clicks, form submissions, page views, and more.",true
Lawdingo,http://www.lawdingo.com,W13,Fighting,"Talk to a lawyer online. Get the legal advice you need, hassle- and commitment-free.",false
Lollipuff,http://www.lollipuff.com,W13,Fighting,Lollipuff is the premier online auction site for high-end designer apparel and accessories.,false
Medisas,http://www.medisas.com,W13,Fighting,"Great healthcare, powered by great software.",true
Meldium,http://www.meldium.com,W13,Fighting,"Meldium automates away the tedious, error-prone, and insecure parts of account management so you can do more work with less IT.",false
Microryza,http://www.microryza.com,W13,Fighting,Microryza is a crowdfunding platform for science and academic research.,false
Myo,https://getmyo.com,W13,Fighting,"The MYO armband lets you use the electrical activity in your muscles to wirelessly control your computer, phone, and other favorite digital technologies.",false
Padlet,http://padlet.com,W13,Fighting,"Padlet is an Internet application that allows people to express their thoughts on a common topic easily. It works like an online sheet of paper where people can put any content (e.g. images, videos, documents, text) anywhere on the page, together with anyone, from any device.",false
PayTango,http://www.paytango.com,W13,Fighting,PayTango links the cards in your wallet to your fingerprints.,false
Posmetrics,http://www.posmetrics.com,W13,Fighting,Posmetrics provides iPad-based customer feedback surveys that are mounted right at the point of purchase.,true
Prizeo,http://www.prizeo.com,W13,Fighting,A fundraising platform enabling celebrities to use their fan bases to raise money and awareness for their chosen causes.,false
Screenhero,http://www.screenhero.com,W13,Fighting,"Collaborative screen sharing. You each get your own mouse, and you're both always in control.",false
Semantics3,http://www.semantics3.com,W13,Fighting,"Curated database of products and prices. 50 million distinct prices from 20 million products, refreshed constantly.",false
SimplyInsured,http://www.simplyinsured.com,W13,Fighting,Simple health insurance for small businesses.,false
Strikingly,http://www.strikingly.com,W13,Fighting,"Gorgeous, mobile-optimized sites in minutes.",true
StyleUp,http://www.thestyleup.com,W13,Fighting,"Weather-appropriate fashion advice tailored to your life and style, every day.",false
Svbtle,http://svbtle.com,W13,Fighting,Svbtle is publishing network that brings some of the best things from newspapers and magazines to a network of great people.,false
SwapBox,http://www.swapbox.com,W13,Fighting,With Swapbox you no longer have to worry about missing deliveries. Use your Swapbox shipping address and your packages will be waiting for you at our nearest location.,false
Swish,http://www.swish.com,W13,Fighting,"Swish is a dynamic, specialized mobile payment company that has developed a ground breaking new card reader and application which provides a complete mobile point of sale solution to any size business.",false
Teespring,http://teespring.com,W13,Fighting,Create and sell custom t-shirts with zero upfront costs.,true
Terascore,https://www.terascore.com,W13,Fighting,"Set up exams, tests and assessments with ease. Get student answers securely. Get them graded instantly.",false
Watsi,http://watsi.org,W13,Fighting,Watsi is an online peer-to-peer crowdfunding platform that allows users to fund life-changing medical treatments for underserved people in developing countries.,false
WeFunder,https://wefunder.com,W13,Fighting,We aim to give everyone - regardless of wealth - the opportunity to invest in startups.,true
Wevorce,http://wevorce.com,W13,Fighting,"Wevorce's divorce services ensure kids come first, costs remain affordable and everyone stays out of court.",false
Zaranga,http://www.zaranga.com,W13,Fighting,Find a professionally managed vacation rental.,true
Zenefits,http://www.zenefits.com,W13,Fighting,"Zenefits runs your benefits, so you can run your business. Get affordable benefits for your company in minutes. Then set and forget them.",false
Airbrite,http://airbritelabs.com,S12,Fighting,"Airbrite is a cloud-enabled platform that powers mobile commerce
We are the next generation of e-commerce. Our mobile-first API powers modern shopping. ",false
Amicus,http://amicushq.com,S12,Fighting,"Amicus empowers cause-driven organizations to leverage the social networks of their supporters, raise more money, attract more members, and win more votes.",false
Authy,https://www.authy.com,S12,Fighting,Authy makes it easy to add optional two factor authentication to your application. You just add some API calls to your app and your users will be able to use their phones as a second layer of authentication.,false
BigCalc,http://www.bigcalc.com,S12,Fighting,"Fast, scalable financial analytics. BigCalc lets quants and algo traders run simulations on limitless amounts of historic data.",true
BoostedBoards,http://www.boostedboards.com,S12,Fighting,Boosted Boards builds the world's lightest electric longboards.,false
BufferBox,http://www.bufferbox.com,S12,Fighting,"Ship parcels to BufferBox for quick, convenient & secure pick-up anytime. Never miss a delivery again.",false
Canopy Labs,http://canopylabs.com,S12,Fighting,Canopy Labs provides a powerful platform for businesses wanting to build and apply customer models.,false
Circular,http://www.circularapp.com,S12,Fighting,Circular offers an infinitely scrolling feed of content based on people you follow and topics that interest you.,false
Clever,http://getclever.com,S12,Fighting,Build educational applications that just work.,false
Coco Controller,http://cococontroller.com,S12,Fighting,"Coco Controller is a Kickstarter project that adds directional controls and game buttons to almost any phone, including the Galaxy SIII, iPhone, and most standard Android handsets.",false
Coinbase,http://coinbase.com,S12,Fighting,Your Hosted Bitcoin Wallet. Coinbase is the easiest way to get started with Bitcoin.,false
Collections,http://collections.me,S12,Fighting,"Finder for the cloud. Google docs, Facebook, Instagram.",false
DataNitro,http://datanitro.com,S12,Fighting,Supercharge Excel. Script your spreadsheets with Python.,false
Diaspora,http://diasporaproject.org,S12,Fighting,Social freedom. Diaspora is a fun and creative community that puts you in control.,false
Double Robotics,http://doublerobotics.com,S12,Fighting,"Double is the simplest, most elegant way to be somewhere else in the world without flying there. Wheels for your iPad.",false
Dreamforge,http://dreamforge.me,S12,Fighting,"We believe that 3D printing will fundamentally reshape our relationship with the products and items we use. At Dreamforge, we'll strive to show our beliefs in big ways and small in the products we build and in the example we set.",true
Easel,https://easel.io,S12,Fighting,"Easel is an in-browser, high-fidelity web design tool that lets you mockup, share and implement your ideas with ease.",false
Eligible,http://eligibleapi.com,S12,Fighting,Real Time Eligibility Checks for Health Insurance.,false
Everyday.me,http://everyday.me,S12,Fighting,Everyday.me is an automatic journal that helps you to record your life and store it forever.,false
Filepicker.io,https://www.filepicker.io,S12,Fighting,Filepicker.io connects mobile & web applications to user content.,false
FlightFox,http://flightfox.com,S12,Fighting,Flightfox is a platform for crowd-sourced flight search.,false
FundersClub,https://thefundersclub.com,S12,Fighting,FundersClub is a web service that gives investors unprecedented access to investment opportunities and the tools to review and invest online with ease and speed.,false
GetGoing,http://www.getgoing.com,S12,Fighting,GetGoing is a San Francisco based technology company developing innovative search and booking solutions for the global airline industry.,false
Grid,http://grid.binarythumb.com,S12,Fighting,A Simply Remarkable Spreadsheet.,false
HD Trade Services,http://www.hdtradeservices.com,S12,Fighting,Mobile and cloud based logistics software.,false
Healthy Labs,http://www.healthylabs.com,S12,Fighting,Healthy Labs builds networks to connect patients so they can learn from each other.,false
HiMom,http://www.himom.me,S12,Fighting,"HiMom - Stay in touch with your parents. Share precious moments 
in digital- and physical postcards.",false
HipType,http://www.hiptype.com,S12,Fighting,"Hiptype brings analytics and targeted advertising capabilities to the most popular eBook platforms, where these powerful features have never before been possible.",true
Hubchilla,http://www.hubchilla.com,S12,Fighting,HubChilla matches you up to similar users and lets you talk to them over SMS.,true
imgfave,http://imgfave.com,S12,Fighting,A fun image sharing community. Explore amazing art and photography and share your own visual inspiration!,true
Instacart,http://www.instacart.com,S12,Fighting,A Grocery Store on Your Phone. Delivery to your doorstep within minutes.,false
Kamcord,http://www.kamcord.com,S12,Fighting,Kamcord allows users to record and share their awesome gameplays without having to leave their games.,false
Keychain Logistics,http://keychainlogistics.com,S12,Fighting,Need Reliable Carriers? Keychain's proprietary technology gives you unprecedented access to our nationwide network of qualified drivers.,false
Kippt,https://kippt.com,S12,Fighting,With Kippt we want to make your information workflow and archiving effortless.,false
Knowmia,http://knowmia.com,S12,Fighting,"Where great teachers help you succeed in high school. Search for a topic. Over 8,000 video lessons and counting.",false
LeanMarket,http://leanstartupmachine.com,S12,Fighting,Lean Startup Machine is the world's leading bootcamp on Lean Startup methodology.,false
LightTable,http://www.lighttable.com,S12,Fighting,"Light Table is a new interactive IDE that lets you modify running programs and embed anything from websites to games. It provides the real time feedback we need to not only answer questions about our code, but to understand how our programs really work.",false
Markupwand,http://www.markupwand.com,S12,Fighting,Photoshop to html & css. Generates automatically in minutes,false
MicroEval,http://www.microeval.com,S12,Fighting,Say goodbye to long forms and meaningless numbers. MicroEval is the quickest and most meaningful way to give feedback to your employees.,true
Mth Sense,http://www.mthsense.com,S12,Fighting,"Our goal is to be THE answer to the mobile monetization problem. The first step is to solve the problem of ""blind"" ads. Hence our focus on targeting.",false
MyVR,http://myvr.com,S12,Fighting,MyVR is online marketing software that allows vacation rental owners and operators to manage all of their vacation rental marketing in one place.,false
Newsblur,http://newsblur.com,S12,Fighting,Focus on the best stories from your friends and favorite blogs.,false
Parallel Universe,http://paralleluniverse.co,S12,Fighting,"Parallel Universe, a Y-Combinator startup, makes middleware that enable easy scaling for real-time spatial applications.",false
Perfect Audience,http://www.perfectaudience.com,S12,Fighting,Fast & Easy Facebook Retargeting. Retarget lost customers on Facebook and get more sales.,true
Plivo,http://www.plivo.com,S12,Fighting,Plivo is a cloud based API platform to build Voice and SMS Applications.,false
Profig,http://profig.com,S12,Fighting,"Profig provides transcriptions, call tracking, voice broadcasting, CRM integration and other custom features to businesses.",false
QuicklyChat,http://www.quicklychat.com,S12,Fighting,QuicklyChat is a quick way for coworkers to video chat with each other when they're working remotely.,false
ReelSurfer,http://www.reelsurfer.com,S12,Fighting,ReelSurfer lets anyone clip and share any video from any website.,false
Refer.ly,http://refer.ly,S12,Fighting,Referly is an Online Referral System for Your Social Network.,true
RegistryLove,http://registrylove.com,S12,Fighting,"The first wedding registry to co-operate with independent retailers & big box stores, RegistryLove lets you register products and services from anywhere & consolidate them all onto ONE registry.",false
Rent.io,http://www.rent.io,S12,Fighting,Set Rent Accurately. Rent.io helps you set competitive pricing for rental properties.,false
Scoutzie,http://www.scoutzie.com,S12,Fighting,Scoutzie.com is a curated marketplace for design.,false
SmartAsset,http://www.smartasset.com,S12,Fighting,SmartAsset makes life's biggest decisions easier by bringing full transparency to the financial decision making process.,false
SpinPunch,http://www.spinpunch.com,S12,Fighting,SpinPunch makes infrastructure for high performance browser games to rival PC and console titles.,false
Sponsorfied,http://www.sponsorfied.com,S12,Fighting,Sponsorfied is an online marketplace for sponsorships that connects brands with relevant sponsorship opportunities with the click of a button.,false
Statwing,http://www.statwing.com,S12,Fighting,Web-based statistical analysis software that speaks in plain english instead of arcane stats jargon.,false
StudyEdge,http://www.studyedge.com,S12,Fighting,Better Grades. Less Frustration. We help you get better grades in your college classes with less time spent studying.,false
Submittable,http://www.submittable.com,S12,Fighting,"Submittable is a cloud-based submission management platform used by 1000s of businesses, publishers and art organizations to curate and accept payment with submission (i.e. audio, video, manuscripts, images, applications, and resumes).",false
Survata,http://www.survata.com,S12,Fighting,Survata is a new type of market research and consumer insights service.,true
TapIn,http://www.tapin.tv,S12,Fighting,TapIn is the easiest way to go from seeing to sharing. Broadcast mobile videos instantly.,false
Tastemaker,http://www.tastemaker.com,S12,Fighting,Tastemaker aims to make interior decorating affordable and accessible to everyone.,false
TomoGuides,http://tomoguides.com,S12,Fighting,"Handcrafted iPhone travel guides that are free, offline, and just plain full of awesomeness.",false
Tracks.by,http://tracksby.com,S12,Fighting,The best way for artists to release new music and videos.,false
Vastrm,http://vastrm.com,S12,Fighting,"Custom Fit, Perfect Fit, Personalized Polos, T-shirts.",false
Vayable,http://www.vayable.com,S12,Fighting,"Vayable is an online marketplace where people can discover, buy and sell unique travel experiences, including tours, activities and extended trips.",false
ViaCycle,http://www.viacycle.com,S12,Fighting,ViaCycle creates advanced bicycle sharing technology that allows easy deployment and administration.,true
Virool,http://www.virool.com,S12,Fighting,"Get your video seen by millions of people! Leverage our platform to distribute your video to people you want on blogs, social games, and mobile apps.",false
VoiceGem,http://www.voicegem.com,S12,Fighting,VoiceGem is the easiest way to send a voice message to anyone.,false
Zapier,https://zapier.com,S12,Fighting,Zapier lets SaaS users create integrations that push data between dozens of different web applications without having to write any code or wrangle APIs.,true
9GAG,http://9gag.com,S12,Fighting,"The world's largest and fastest growing online comedy community that has brought together tens of millions of people who love to laugh, have fun and connect with others through humor.",false
Anyperk,http://anyperk.com,W12,Fighting,AnyPerk offers discounts on web-services as employee perks.,false
AnyVivo,http://www.anyvivo.com,W12,Fighting,AnyVivo wants to be the e-commerce hub for all living things.,false
Ark,http://www.ark.com,W12,Fighting,Ark.com is a search engine for people. Find new people. Reconnect with old classmates. Make new business contacts. Search your friends.,false
Carsabi,http://carsabi.com,W12,Exited,Carsabi is a search engine for used cars.,false
chute,http://getchute.com,W12,Fighting,"Chute is a cloud platform that helps apps and sites capture, manage, and display media files",false
Coderwall,http://coderwall.com,W12,Fighting,Coderwall is a site for developers to profile what projects they are up to and learn from others.,false
Crowdtilt,http://www.crowdtilt.com,W12,Fighting,"Crowdtilt allows users to pool funds for objectives in a simple, social, and frictionless way online.",false
Dealupa,http://dealupa.com,W12,Fighting,"A fresh, new way to shop daily deals.",true
Embark,http://letsembark.com,W12,Fighting,"Embark makes it easy to get around without a car. We make free, fast, and simple mobile apps for mass transit riders worldwide.",false
EveryArt,http://everyart.com,W12,Fighting,"everyArt allows you to commission an art piece from a diverse portfolio of artists on the web, all excited to collaborate with you on your masterpiece.",false
Exec,http://iamexec.com,W12,Fighting,Exec lets you outsource the things you don't want to do in life. Let our background checked Execs help you get things done today.,false
FamilyLeaf,http://familyleaf.com,W12,Fighting,FamilyLeaf is a private place to share your life with your family.,false
FarmLogs,http://farmlogs.com,W12,Fighting,FarmLogs makes it incredibly simple to always know what's happening on your farm. Start saving time and money. Ditch the spreadsheets and paper records!,true
Flutter,https://flutterapp.com,W12,Fighting,Play and pause your music and movies with a gesture!,true
Flypad,http://flypadapp.com,W12,Fighting,"Flypad turns your iPhone into a motion-sensing game controller for PC, Steam, & indie games.",false
Givespark,http://givespark.com,W12,Fighting,Where fans and celebrities gather for good.,false
Grouper,http://www.joingrouper.com,W12,Fighting,We're a social club that sets up drinks between 2 groups of friends. 3 guys & 3 girls.,false
HackPad,http://hackpad.com,W12,Fighting,Smart collaborative documents. Company wiki. Personal notes. Event planning. Classroom collaboration.,false
HireArt,http://www.hireart.com,W12,Fighting,"Brilliant job seekers, delivered. Screen and source job candidates through work samples and video interviews.",false
iCracked,http://www.icracked.com,W12,Fighting,"iCracked provides local iPhone, iPad, and iPod repair and buyback in the United States and eight other countries around the world.",false
Kyte,https://www.kytephone.com,W12,Fighting,Kytephone is a free app that transforms an Android smartphone into a safe and fun smartphone for kids.,false
LVL6,http://www.lvl6.com,W12,Fighting,LVL6 creates social mobile games on Android and iOS.,false
MakeGamesWithUs,http://makegameswith.us,W12,Fighting,The Easiest Way to Build an iPhone Game. Period.,false
MatterPort,http://matterport.com,W12,Fighting,"Matterport is a revolutionary 3D scanner that allows anyone to create digital models of interior spaces quickly, easily, and automatically.",true
Medigram,https://www.medigr.am,W12,Fighting,Healthcare communication made simple. Medigram provides a HIPAA-compliant communication platform to make any medical conversation convenient and secure.,false
Midnox,http://midnox.com,W12,Fighting,Create stunning HD videos and share them with your friends.,false
MineFold,http://www.minefold.com,W12,Fighting,"Simple Minecraft servers. Available instantly, free to play for 10 hours a month.",false
Pair,http://trypair.com,W12,Fighting,Pair is an app just for the two of you.,false
Per Vices,http://pervices.com,W12,Fighting,Phi is currently designed as a PCIe card for developers. It is hardware (a software defined radio) that allows software developers to write applications to interact with all types of wireless signals and wireless devices.,false
PlanGrid,http://plangrid.com,W12,Fighting,PlanGrid was created to save contractors time.,false
PopSet,http://www.popset.com,W12,Fighting,"Popset is the easiest way to start group photo albums with friends, directly from a mobile phone.",false
Priceonomics,http://priceonomics.com,W12,Fighting,Priceonomics is the price guide for everything.,true
ScreenLeap,http://www.screenleap.com,W12,Fighting,Share your screen instantly to any device with a browser.,false
SendHub,http://sendhub.com,W12,Fighting,SendHub is a fast and simple way for professionals to communicate.,false
Shoptiques,http://shoptiques.com,W12,Fighting,Shoptiques.com brings boutique shopping online.,false
SocialCam,http://socialcam.com,W12,Exited,Socialcam is a new mobile video application coming to both iPhone and Android.,false
Sonalight,http://sonalight.com,W12,Fighting,Sonalight is an app that lets you text whilst you drive.,false
Swiftype,http://swiftype.com,W12,Fighting,Swiftype is building search software for the next generation of websites and applications.,false
theDailyMuse,http://www.thedailymuse.com,W12,Fighting,The Daily Muse is visually engaging job search and related career resources.,false
TiKL,http://www.tikl.mobi,W12,Fighting,"An Android and iOS app that turns your phone into a real-time push-to-talk walkie-talkie that also sends texts, voicemail, images, and video.",false
Your Mechanic,http://yourmechanic.com,W12,Fighting,"Hire mechanics that will come to your home or work to fix your car. Save 20% or more on car repairs. Convenient, affordable and transparent.",false
ZenPayroll,http://zenpayroll.com,W12,Fighting,"We are creating beautiful, modern payroll.",false
Zillabyte,http://www.zillabyte.com,W12,Fighting,Zillabyte is an online big-data analysis platform currently in stealth mode.,false
99dresses,http://99dresses.com,W12,Fighting,99dresses allows users to trade the fashion items with other users.,false
42floors,http://42floors.com,W12,Fighting,"42Floors makes office space rentals and commercial real estate listings easier to search by indexing business places for rent, coworking spaces, office sublets, and executive suites.",true
AgileDiagnosis,http://www.agilediagnosis.com,S11,Fighting,"Agile Diagnosis is building the central place for clinical guidelines, providing clinicians with access to expertise and information in a format they can apply in their practice.",false
Aisle50,http://www.aisle50.com,S11,Fighting,"Aisle50 is the first group-buying outlet for groceries, a $2 trillion business. The best way to save on your groceries.",false
B2Brev,http://b2brev.com,S11,Fighting,"Our mission is to connect great businesses with each other. We'll help you make smart and easy decisions on products and services based on honest reviews, from one business to another.",false
Can'tWait,http://cantwa.it,S11,Fighting,Be the first to hear about movies that you will love!,false
Citus Data,http://www.citusdata.com,S11,Fighting,"CitusDB is a distributed database that lets you run SQL queries over very large data sets. Designed for analytical queries, CitusDB enables real-time responsiveness.",true
Codecademy,http://www.codecademy.com,S11,Fighting,"Codecademy is a web-based programming tutorial designed to teach JavaScript, HTML, CSS, JQuery and Python",true
DebtEye,http://www.debteye.com,S11,Fighting,"We are an automated credit counseling solution to help customers get out of debt, a little like a “turbo tax” for those who need debt relief.",false
DoubleRecall,http://www.doublerecall.com,S11,Fighting,DoubleRecall is a recall based advertising platform and monetization solution for online media and mobile.,false
EveryMe,http://everyme.com,S11,Fighting,"We believe most stories are meant to be shared with your family and best friends, not 500 strangers. Everyme lets you choose who to share with and how.",false
Firebase,http://www.firebase.com,S11,Fighting,A scalable real-time backend for your web app. Build apps really fast without the hassle of managing servers.,false
FreshPlum,http://www.freshplum.com,S11,Fighting,Freshplum's goal is to bring the decision-making power of data science to companies who sell goods and services electronically.,true
Glassmap,http://www.glassmap.com,S11,Fighting,"Glassmap is a simple, beautiful way to show your friends where you are and what you are doing.",false
GoCardless,https://gocardless.com,S11,Fighting,GoCardless is a UK-based service that allows smaller merchants to easily set up interbank transfers for customers.,true
Habit Labs,http://habitlabs.com,S11,Fighting,Habit Labs aims to turn leading a healthier life into a game.,false
Interstate,http://interstateapp.com,S11,Fighting,The future of open project management. Keep users away from competitors by keeping them in the loop with your product's development.,true
InterviewStreet,http://interviewstreet.com,S11,Fighting,Interviewstreet helps you to create customized programming tests (in any language) and evaluate candidates based on their programming skills before proceeding for an interview.,false
Kicksend,http://kicksend.com,S11,Fighting,"Kicksend allows friends and family to easily share files in real-time on the web, mobile, and desktop.",false
Launchpad Toys,http://launchpadtoys.com,S11,Fighting,"We're creating digital toys and tools that empower kids to create, learn & share their ideas through play.",true
Leaky,http://leaky.com,S11,Fighting,Leaky helps consumers make better decisions about insurance.,true
MarketBrief,http://marketbrief.com,S11,Fighting,"The latest SEC Filings, Press Releases, Patents, and Trademarks for 700000+ companies and entities.",false
Meteor,http://www.meteor.com,S11,Fighting,"Meteor is an open-source platform for building top-quality web apps in a fraction of the time, whether you're an expert developer or just getting started.",false
MixRank,http://mixrank.com,S11,Fighting,MixRank is a spy tool for contextual and display ads.,false
MobileWorks,http://www.mobileworks.com,S11,Fighting,"MobileWorks is a crowdsourcing platform for businesses and developers that is more accurate, faster and easier to use than existing solutions.",false
MongoHQ,https://mongohq.com,S11,Fighting,MongoHQ is the leading provider of data solutions for developers utilizing MongoDB as their data storage technology.,false
Munch On Me,http://www.munchonme.com,S11,Exited,Munch On Me is a food discovery portal that connects people with great food at great prices in local communities.,false
Opez,http://www.opez.com,S11,Fighting,"The best people around. Who are the best trainers, stylists, etc. around me?",false
PageLever,http://pagelever.com,S11,Fighting,PageLever is the leading analytics platform for measuring your brand's presence on Facebook.,false
Paperlinks,http://www.paperlinks.com,S11,Fighting,QR codes made easy. Paperlinks is the premier platform for generating QR codes for businesses.,false
Parse,http://www.parse.com,S11,Fighting,"Parse provides cloud services for mobile developers. The complete
mobile app platform. Parse lets you focus on creating unique & engaging apps. We take care of the rest.",false
PicPlum,http://www.picplum.com,S11,Fighting,Share Your Best Moments. Send photo prints to loved ones in seconds.,false
Proxino,http://www.proxino.com,S11,Fighting,Proxino is a cloud platform for monitoring and debugging client-side JavaScript.,false
Quartzy,http://www.quartzy.com,S11,Fighting,Quartzy is an online suite of lab management tools for the academic life science community.,false
Rentobo,http://www.rentobo.com,S11,Fighting,"Rentobo is a new tool built for landlords, managers, and agents of all sizes to simplify the process of finding and signing a new tenant for your rental property.",false
Science Exchange,http://scienceexchange.com,S11,Fighting,Science Exchange is an online marketplace for scientific experiments. The easiest way to get experiments conducted by researchers in top core facilities and institutions.,false
SellStage,http://www.sellstage.com,S11,Fighting,SellStage is SaaS for online retailers to make communicating and selling via video easy and affordable.,false
Siasto,http://siasto.com,S11,Fighting,"Siasto is a collaboration and project management tool that integrates into Google Apps, Gmail, Google Drive, GCal, box, and Dropbox.",false
Snapjoy,http://snapjoy.com,S11,Fighting,"Snapjoy is an online photo library that imports your photos from anywhere and organizes them into meaningful memories of who, what, when, & where.",false
Streak.com,http://greekstreak.com,S11,Fighting,Greek Streak is a company that designs and creates unique sorority and fraternity apparel.,false
Stypi,http://www.stypi.com,S11,Exited,Stypi is a collaborative real-time text editor similar to Etherpad.,false
Tagstand,http://www.tagstand.com,S11,Fighting,Tagstand ships NFC stickers and a platform to manage them.,false
TapEngage,http://tapengage.com,S11,Exited,You need a tablet strategy. We can help.,true
Verbling,http://verbling.com,S11,Fighting,Verbling provides users with an innovative way to learn new languages by utilizing video chat technology.,false
Vidyard,http://vidyard.com,S11,Fighting,"Vidyard is an online video platform for business. Add Video To Your Website In Minutes. Vidyard hosts your videos, analyzes their effectiveness, and transforms them into powerful marketing tools.",false
Vimessa,http://vimessa.com,S11,Fighting,"Vimessa allows you to send free video messages to your friends anywhere in the world, even if they do not have an iPhone.",false
Yardsale,https://www.getyardsale.com,S11,Fighting,"Yardsale, a mobile app to help folks sell goods to local buyers.",true
Zenbox,http://www.zenboxapp.com,S11,Fighting,Zenbox is a browser extension that connects all of your SaaS services.,true
Zigfu,http://zigfu.com,S11,Fighting,"Zigfu is the easiest way to make and play Kinect apps. Download the plugin, hook up your sensor, and enjoy the future now!",false
Acunote,http://www.acunote.com,W11,Fighting,Acunote is a project management tool and Scrum software.,true
AppHarbor,http://appharbor.com,W11,Fighting,AppHarbor is a .NET Platform-as-a-Service.,false
Beetailer,http://www.beetailer.com,W11,Fighting,Beetailer's software helps retailers import existing web stores onto Facebook and gives e-retailers tools for promoting the storefront and detailed analytics about how well it is doing.,false
Bridge,https://www.getbridge.com,W11,Fighting,RPC Framework for Building Modular Services and Cross-Language Applications.,false
Chirply,http://www.chirply.com,W11,Fighting,Chirply is a platform for crowd-sourcing & crowd-curating design.,false
Circle,http://discovercircle.com,W11,Fighting,"Know when your friends & networks are nearby, wherever you are, no matter where you go. Circle tells you when your friends, or people from your networks (college, work, hometown, professional group, etc.), are near you.",false
Comprehend Systems,http://www.comprehend.com,W11,Fighting,"Comprehend Systems is the maker of Comprehend Clinical, which is a reporting and visualization tool which runs  against multiple databases in real time, while leaving the data in place.",true
Curebit,http://www.curebit.com,W11,Fighting,Curebit helps online stores increase revenue through referrals by turning existing customers into marketers.,false
Custora,https://www.custora.com,W11,Fighting,"Custora offers a SaaS that tells online retailers and web apps which of their customers are most valuable, and suggests actions to keep them.",true
Dr Chrono,http://drchrono.com,W11,Fighting,drchrono is a medical platform for doctors and patients.,false
Earbits,http://www.earbits.com,W11,Fighting,Earbits is a marketing platform for music related products built around interactive radio experiences.,true
FitFu,Unavailable,W11,Dead,Think of FitFu as a personal trainer in your pocket that keeps you active with little bits of exercise throughout the day.,false
Five Stars,http://fivestarscard.com,W11,Fighting,"We created a universal customer loyalty card that embraces the power of network effects, social media integration & improves the customer experience.",false
Giftrocket,http://www.giftrocket.com,W11,Fighting,GiftRocket sells a new type of gift card that works at any location.,true
Grove,https://grove.io,W11,Exited,Hosted IRC and so much more.,false
GrubWithUs,http://grubwithus.com,W11,Fighting,"Grubwithus social meals allow you to meet new people, while dining at some of your city's best restaurants.",false
HelloFax,http://www.hellofax.com,W11,Fighting,"HelloFax is an online service that helps you send and receive faxes, request signatures and fill out forms all from your computer.",false
Hype,http://tumultco.com/hype,W11,Fighting,Tumult Inc. makes the next generation of designer tools to produce beautiful web content.,false
Hyperink,http://www.hyperink.com,W11,Fighting,"Hyperink, the San Francisco based self-publishing platform, wants to unlock and sell that untapped information by giving every citizen the ability to publish a book.",false
Kaleidoscope,http://www.kaleidoscopeapp.com,W11,Fighting,Use Kaleidoscope to spot the differences in text and image files. Review changes in seconds with the world's most advanced file comparison application.,false
Lanyrd,http://lanyrd.com,W11,Fighting,"Lanyrd is a directory of conferences, events and speakers.",false
Like.fm,http://like.fm,W11,Fighting,"Like.fm is a fast, beautiful, and fun way to share your favorite songs.",false
MailGun,http://www.mailgun.net,W11,Exited,Mailgun provides a web service for integrating email inboxes into apps.,false
Meetings.io,http://meetings.io,W11,Fighting,With Meetings.io you can meet face to face with anyone from around the world within your web browser.,false
MemSQL,http://www.memsql.com,W11,Fighting,"MemSQL is a Y Combinator grad making a scalable, memory-optimized database built for high-throughput workloads.",true
MinoMonsters,http://minomonsters.com,W11,Fighting,MinoMonsters is a social game where players collect and battle pet monsters.,false
Moki.TV,Unavailable,W11,Dead,"Moki.TV is a directory of all paid and free content included on Amazon's streaming service, Netlfix, Hulu, iTunes, and others.",false
Noteleaf,http://noteleaf.com,W11,Fighting,"Always Know Who You're Meeting. You schedule meetings in Google Calendar, Noteleaf gives you information about who you're meeting on your phone.",false
NowJS,http://flotype.com,W11,Fighting,Flotype Inc. is a venture-backed company building a suite of enterprise technology for real-time messaging.,false
OrderAhead,http://orderaheadapp.com,W11,Fighting,OrderAhead is the easiest way to order from local merchants on your phone.,false
Pebble Technology,http://www.getpebble.com,W11,Fighting,Pebble is an infinitely customizable e-paper watch.,false
Sendoid,http://sendoid.com,W11,Exited,Sendoid is an on-demand peer to peer transfer system.,false
SwipeGood,https://swipegood.com,W11,Fighting,SwipeGood allows users to enroll their credit or debit cards and automatically round up every purchase to the nearest dollar for charity.,true
TalkBin,http://www.talkbin.com,W11,Exited,TalkBin is a feedback platform for local businesses.,false
Taskforce,http://siasto.com,W11,Fighting,"Siasto is a collaboration and project management tool that integrates into Google Apps, Gmail, Google Drive, GCal, box, and Dropbox.",false
TellFi,https://tellfi.com,W11,Fighting,"Fastest, easiest way to setup a phone system for your business.",false
TrustEgg,http://trustegg.com,W11,Fighting,The simplest way to save for a child's future.,false
Tutorspree,http://www.tutorspree.com,W11,Fighting,Tutorspree is an online portal that helps tutors and clients find each other.,false
Upverter,http://upverter.com,W11,Fighting,Upverter is building browser-based electronic design tools focused on collaboration and usability.,true
WhereBerry,http://whereberry.com,W11,Fighting,WhereBerry helps you keep track of things you want to do in your city.,false
YouGotListings,http://www.yougotlistings.com,W11,Fighting,YouGotListings is the online rental technology platform that provides real estate offices and landlords with the easy-to-learn tools to enhance their professional lives.,true
ZeroCater,http://zerocater.com,W11,Fighting,"ZeroCater makes it easy for companies to enjoy meals delivered from the best local restaurants, caterers and private chefs.",false
AdGrok,http://adgrok.com,S10,Exited,AdGrok allows business owners to automate the process of choosing and bidding on keywords on Google AdWords.,false
AeroFS,http://www.aerofs.com,S10,Fighting,AeroFS is a program where users are able to manage and store their files and data in a cloud-like platform.,false
AnyLeaf,http://www.anyleaf.com/signup,S10,Fighting,AnyLeaf offers unbeatable deals on local groceries.,false
Brushes,http://brushesapp.com,S10,Fighting,"Brushes is a painting app designed exclusively for the iPhone, iPod touch, and iPad.",false
Chart.io,http://chart.io,S10,Fighting,Chart.io helps businesses analyze and track their critical data.,false
Crowdbooster,http://crowdbooster.com,S10,Fighting,Crowdbooster provides the world's first intelligent social media dashboard designed to help businesses effectively grow and manage their presence online.,true
Dotcloud,http://www.dotcloud.com,S10,Fighting,DotCloud is a 2nd-generation platform-as-a-service.,false
E la Carte,http://elacarte.com,S10,Fighting,"E la Carte develops tablets for restaurant tables so guests can order, pay and play games from their seats",false
FanPulse,http://fanvibe.com,S10,Exited,Check-in to games to chat and trash-talk with friends who are also watching.,false
FutureAdvisor,https://www.futureadvisor.com,S10,Fighting,FutureAdvisor was founded in 2010 on the premise that investing for your future does not have to be difficult or expensive.,true
Gantto,http://gantto.com,S10,Fighting,Gantto was conceived to fill one obvious gap in our weekly management routine.,false
GazeHawk,http://www.gazehawk.com,S10,Exited,GazeHawk is a Y Combinator-funded company that provides eye tracking services using ordinary webcams.,false
GinzaMetrics,http://ginzametrics.com,S10,Fighting,Ginzametrics makes enterprise SEO simple and easy to manage.,false
Hacker School,https://www.hackerschool.com,S10,Fighting,"Hacker School is a three-month, full-time school in New York for becoming a better programmer. We're free as in beer, and provide space, a little structure, time to focus, and a friendly community of smart builders dedicated to self-improvement.",false
Hipmunk,http://www.hipmunk.com,S10,Fighting,Hipmunk is a travel search site that aims to take the agony out of travel planning.,true
I Move You,Unavailable,S10,Dead,None,false
Indinero,http://indinero.com,S10,Fighting,"Accounting, taxes & payroll. One solution. inDinero is your company's accounting department.",false
Koduco,http://www.koduco.com,S10,Fighting,Koduco makes iPad games that focus on multiplayer collaboration on the same device.,true
Leftronic,https://www.leftronic.com,S10,Fighting,Leftronic is a Y Combinator-funded company that develops a web-based real-time dashboard application for monitoring a company's most important data.,true
MessageParty,http://messageparty.com,S10,Fighting,MessageParty is a new kind of mobile blogging service.,false
OhLife,http://ohlife.com,S10,Fighting,Write in private about your life.,false
Opzi,http://www.opzi.com,S10,Fighting,Opzi is creating software to make corporate knowledge accessible.,false
PagerDuty,http://www.pagerduty.com,S10,Fighting,PagerDuty is an alarm dispatching service for system administrators and support teams.,true
Rapportive,http://rapportive.com,S10,Exited,Rapportive shows you everything about your contacts right inside your inbox.,false
ReadyForZero,https://www.readyforzero.com,S10,Fighting,ReadyForZero creates online financial software that helps people control and reduce debt.,false
Simperium,http://simplenoteapp.com,S10,Fighting,None,false
Stripe,https://stripe.com,S10,Fighting,"Stripe is a simple, developer-friendly way to accept payments online.",false
Tapzilla,http://tapzilla.com,S10,Fighting,"TapZilla is a Y Combinator-backed company that launched October 13, 2010 and is taking the daily deal model and applying it to discounts on paid mobile apps.",false
Teevox,http://teevox.com,S10,Fighting,Fast stream watching.,false
The Fridge,http://www.frid.ge,S10,Exited,The Fridge is a platform for lightweight single serving social networks for the functionality of Facebook without being on Facebook.,false
Whereoscope,http://whereoscope.com,S10,Fighting,Whereoscope is a service designed to help parents keep know where their kids are.,true
Workflowy,http://workflowy.com,S10,Fighting,WorkFlowy is a tool for organizing your brain.,false
1000Memories,http://1000memories.com,S10,Exited,1000memories is the new shoebox for your old photos.,false
Answerly.com,http://www.inboxq.com,W10,Fighting,InboxQ is a browser extension that delivers a persistent stream of questions from Twitter directly to you.,false
Browsarity,http://www.browsarity.com,W10,Fighting,Browsarity.com is a browser application that allows people to donate to charity while shopping online.,false
CardPool,http://www.cardpool.com,W10,Exited,"Cardpool is a gift card exchange marketplace where anybody can buy, sell, or trade their new or pre-owned gift cards.",false
ChromaOm,http://www.chromaom.com,W10,Fighting,"We want the whole world to find their color enlightenment. We believe that choosing colors shouldn't be a ""black and white"" process, and that everyone can discover their own personal color enlightenment from within.",false
Crocodoc,http://www.crocodoc.com,W10,Fighting,Crocodoc is the trusted leader in HTML5 document viewing.,false
Cue,https://www.cueup.com,W10,Fighting,Know what's next.,false
datamarketplace,http://datamarketplace.com,W10,Exited,"Data Marketplace helps people find, buy and sell data online.",false
Embedly,http://embed.ly,W10,Fighting,Embedly provides a platform and suite of tools to make embedding and previewing links simple.,false
Embedster,http://www.embedster.com,W10,Fighting,Embedster allows bloggers to serve an ad for any YouTube they display on their site.,false
Etacts,http://www.etacts.com,W10,Exited,Etacts is a CRM for people - it helps you keep in touch with people in your address book.,false
Fabricly,http://www.fabricly.com,W10,Fighting,"Designers - Sell on Fabricly. Fabricly is a great way for you to gain extra exposure, whether you're already selling online or if you're just getting started.",false
Gamador,http://www.gamador.com,W10,Fighting,Gamador is a social game developer that has released three games so far.,false
Infoharmoni,http://www.infoharmoni.com,W10,Fighting,Infoharmoni is a data visualization startup founded by Kovas Boguta.,false
Launchhear,http://www.launchhear.com,W10,Fighting,LaunchHear is a way for bloggers to get early review copies of new products.,false
Mertado,http://www.mertado.com,W10,Exited,Mertado is a social shopping company that lets consumers discover and buy new products within the online communities that they frequent.,false
Movity,http://www.movity.com,W10,Exited,"Movity.com surfaces geodata (crime, noise, pricing, etc) to help home buyers make better decisions.",false
NewsLabs,Unavailable,W10,Dead,"NewsLabs offers a platform that looks to help “old school” journalists adapt to the web, by giving them help with advertising, SEO, and other issues they may not have had to deal with before.",false
Notifo,Unavailable,W10,Dead,Notifo is a mobile application and platform which allows any web site or service to easily create mobile notifications.,false
Nowmov,http://nowbox.com,W10,Fighting,"Nowmov is an endless stream of videos recommended to users based on their interests, friends and what's trending around the world.",false
Optimizely,http://www.optimizely.com,W10,Fighting,"Simple, fast, and powerful.",false
OwnLocal,http://www.ownlocal.com,W10,Fighting,OwnLocal (previously Seeing Interactive) provides Web-based software to local newspapers and gives them a white-label service for selling online ads and services to local businesses.,false
Pathjoy,http://www.pathjoy.com,W10,Fighting,Get your place professionally cleaned for just $20 per hr.,false
Swagapalooza,Unavailable,W10,Dead,None,false
Tweetflow,http://tweetflow.com,W10,Fighting,None,false
Zencoder,http://zencoder.com,W10,Exited,"Zencoder is web-based video encoding software as a service, designed to quickly convert any video into web and mobile compatible formats.",false
Zenedy,http://zenedy.com,W10,Fighting,Learn something new every day with new articles written daily about topics discovered from all around the web.,false
140bets,http://www.140fire.com,W10,Fighting,140Fire is a platform to make online video ads interactive.,false
500Friends,http://www.500friends.com,W10,Fighting,500friends enables retailers to acquire and retain high value customers.,true
Bump,http://bu.mp,S09,Fighting,Bump Technologies builds mobile applications and APIs that allow two smartphones to identify one another and connect by simply being bumped together.,false
CarWoo,http://www.carwoo.com,S09,Fighting,CarWoo! is an online new-car buying service and marketplace.,true
DailyBooth,http://dailybooth.com,S09,Exited,DailyBooth lets users follow their friends and update them in real-time through the use of pictures and status updates.,false
DirectedEdge,http://www.directededge.com,S09,Fighting,"Directed Edge delivers Amazon-like “People who bought this also bought…” and “We think you'd also like”-style recommendations to other sites, using existing data being collected such as purchase or click histories.",false
FanChatter,http://fanchatter.com,S09,Fighting,FanChatter fuels your fans so they can promote you better than any ad ever could.,false
Flightcaster,http://www.flightcaster.com,S09,Exited,FlightCaster predicts flight delays.,false
GraffitiGeo,http://graffitigeo.com,S09,Exited,"At its core GraffitiGeo allows users to leave brief reviews of restaurants, or for those too lazy to do that, to simply leave a ""thumbs up"" or ""thumbs down"". It's like a highly condensed version of Yelp, or a Digg for the world.",false
HighlightCam,http://highlightcam.com,S09,Fighting,Create amazing movies right from your iOS or Android device - automatically!,false
InstantQ,http://www.instantq.com,S09,Fighting,InstantQ allows restaurants to fill tables by varying prices to increase demand.,false
Jobpic,Unavailable,S09,Dead,None,false
Jobspice,http://www.jobspice.com,S09,Fighting,"JobSpice is a surprisingly easy-to-use, intuitive online tool for creating a resume.",true
Lingt,http://www.lingt.com,S09,Exited,Lingt is a service for learning languages that takes advantage of gameplay mechanics to keep users coming back for more.,false
Listia,http://www.listia.com,S09,Fighting,"Listia, which launched in August 2009, is eBay for free stuff.",true
Lockitron,http://lockitron.com,S09,Fighting,Keyless entry using your phone.,false
MeetingMix,http://meetingmix.com,S09,Fighting,Save time writing your agenda and minutes.,true
Mixpanel,http://www.mixpanel.com,S09,Fighting,Mixpanel is an advanced analytics service that helps improve web and mobile applications by tracking how users interact & engage with them.,false
Olark,http://www.olark.com,S09,Fighting,Olark is a lightweight tool to chat with visitors to your website using your existing instant messaging client.,true
Plurchase,Unavailable,S09,Dead,Plurchase is an online social shopping site.,false
RentHop,http://www.renthop.com,S09,Fighting,Search NYC Apartments and Listings by Location. Find New York City Apartment Rentals. Contact Landlords Online.,true
RethinkDB,http://www.rethinkdb.com,S09,Fighting,"RethinkDB is designed to be extremely fast, and implements powerful features that are cumbersome and inefficient with rotational storage.",true
Tuxebo,http://www.tuxebo.co.uk,S09,Fighting,Tuxebo connects people looking for things to rent from local rental companies.,false
Wakemate,http://www.wakemate.com,S09,Fighting,"WakeMate makes personalized alarm clocks that sync with both a user's body and their cell phone, enabling the iPhone alarm system to sound at the end of a REM cycle.",false
WePay,https://www.wepay.com,S09,Fighting,"WePay is an online payments platform for individuals, organizations, and businesses.",true
Adioso,http://adioso.com,W09,Fighting,Adioso is a better search and booking app for leisure travel.,true
AirBnb,http://airbnb.com,W09,Fighting,"Founded in August 2008 and based in San Francisco, California, Airbnb is a trusted community marketplace for people to list, discover, and book unique spaces around the world – online or from a mobile phone.",false
Cloudkick,http://cloudkick.com,W09,Exited,Cloudkick is a centralized web-based control hub for cloud servers.,false
Divvyshot,http://divvyshot.com,W09,Exited,"Divvyshot allows groups of friends to share their photos easily, at their full resolutions.",true
Echodio,http://www.echodio.com,W09,Fighting,"Echodio makes it easy to keep iTunes music libraries in sync, securely backed up and streamable from anywhere.",false
Foodoro,http://foodoro.com,W09,Fighting,Foodoro is a marketplace where people can buy specialty food directly from artisanal Foodmakers.,true
Heyzap,http://www.heyzap.com,W09,Fighting,Heyzap is a social discovery platform for mobile and the largest social network for Android/iPhone mobile gamers.,true
Nambii,Unavailable,W09,Dead,Nambii is an online dating service with iPhone applications that allow users to send and receive flirts with people around them.,false
Picurio,http://picurio.com,W09,Fighting,Picurio is web-based photo sharing and photo management software.,false
PocketFunGames,http://pocketfungames.com,W09,Fighting,pocketfungames is a game developer for the iPhone that focuses on games with strong social components.,false
Propable,Unavailable,W09,Dead,Propable was a suite of online management and investment analysis tools for property investors.,false
reMail,http://www.remail.com,W09,Exited,ReMail is an email app that downloads all your email to your iPhone and offers a comprehensive email search.,false
Skysheet,http://www.skysheet.com,W09,Fighting,"Skysheet is a web-based spreadsheet, in stealth mode as of March 2009.",false
TheSixtyOne,http://www.thesixtyone.com,W09,Fighting,"thesixtyone is Digg for new music, a social filter for the tsunami of indie creativity hitting the web.",true
Voxli,https://voxli.com,W09,Fighting,Voxli offers browser-based group voice chat for gamers and teams.,false
Wattvision,http://wattvision.com,W09,Fighting,Wattvision offers a simple idea: Monitor your energy consumption in realtime from the web.,false
Anyvite,http://www.anyvite.com,S08,Fighting,Anyvite is a free site dedicated to event invitation creation and group organization.,false
AwesomeHighlighter,Unavailable,S08,Dead,Awesome Highlighter is a company that provides a tool that enables you to go to a website and highlight information to save for later or share with your friends.,false
Backtype,http://www.backtype.com,S08,Exited,BackType is a marketing intelligence platform that helps brands and agencies understand the business impact of social media.,false
CO2Stats,http://co2stats.com,S08,Fighting,"CO2Stats aims to help website owners understand the electricity usage and related carbon emissions associated with site usage, and then helps site owners manage their carbon footprint.",false
ContestMachine,http://www.contestmachine.com,S08,Fighting,ContestMachine is a web service that makes running promotions from any website easy.,false
Frogmetrics,http://frogmetrics.com,S08,Fighting,Touchscreen platforms for effortless data collection.,false
Ididwork,http://www.ididwork.com,S08,Fighting,ididwork is an online tool that allows employees to keep track of the work they do over time.,false
Meetcast,http://www.meetcast.com,S08,Fighting,"MeetCast is browser-based software that provides a host of features critical to effective real time interaction, including: sharing documents and images, whiteboarding, simultaneous text editing, and screen sharing.",true
People and Pages,Unavailable,S08,Dead,"People and Pages is a service similar to Google Groups, allowing group organizers to manage email lists and publish to the web in one place.",false
Picwing,http://www.picwing.com,S08,Exited,Picwing is a photo sharing platform that enables users to share their photos through a variety of sources.,false
PollEverywhere,http://polleverywhere.com,S08,Fighting,The best way to create stylish real-time experiences for events using mobile devices.,false
PopCuts,Unavailable,S08,Dead,Popcuts is a unique online music store. Buy music. Make money.,false
Posterous,https://posterous.com,S08,Exited,Posterous was focused on making blogging simple - as simple as sending an email.,false
Precognate,Unavailable,S08,Dead,None,false
Scoopler,http://www.justspotted.com,S08,Fighting,The artist-formerly-known-as Scoopler is a real-time search engine.,false
Slinkset,http://slinkset.com,S08,Exited,Slinkset is a white label social news platform that allows anyone to start a social news site and integrate it into their own website.,false
Snipd,Unavailable,S08,Dead,"Grab pieces of enjoyable content from any page, save them online, and share without having to copy/paste using a simple bookmarklet.",false
Socialbrowse,Unavailable,S08,Dead,SocialBrowse is a Firefox extension for sharing links.,false
Startuply,http://www.startuply.com,S08,Fighting,"Startup companies. Startup jobs. Jobs at the world's best angel- and venture-backed web, media, and technology companies.",false
TicketStumbler,Unavailable,S08,Dead,TicketStumbler is a secondary ticket market search engine and comparison website.,false
UrbanTakeover,Unavailable,S08,Dead,None,false
Vidly / Fliggo,Unavailable,S08,Dead,"Vidly, formerly known as TwitVid (or Twitvid.io), wants to be the easiest way to share video on the web.",false
Youlicit,Unavailable,S08,Dead,The Youlicit web content recommendation engine leverages the wisdom of the crowds to return the most recommended sites related to a website or topic.,false
Addmired,http://www.addmired.com,W08,Fighting,"Addmired, Inc. is a software company in Palo Alto, CA, focused on creating new and engaging applications and games for users of social networks and mobile devices.",false
Chatterous,http://www.chatterous.com,W08,Fighting,Chatterous is a communications service that aims to allow groups of friends to stay in contact with each other synchronously through any communications channel.,true
Deluux,http://deluux.com,W08,Fighting,"Deluux aims to become distributed Facebook, or inverted Ning, by relocating the center of peopleâ€™s online identities to their websites, which exist outside of any one social network.",false
FathomDB,http://www.fathomdb.com,W08,Fighting,"FathomDB offers databases as a service, taking care of many of the day-to-day tasks database administrators have to deal with and letting them focus on more complex issues.",false
Heroku,http://www.heroku.com,W08,Exited,"Heroku is the first and best multi-language cloud application platform, or platform-as-a-service.",false
Insoshi,http://insoshi.com,W08,Fighting,Insoshi is an open-source open networking platform.,false
Joberator,http://apps.facebook.com/joberator,W08,Fighting,"Joberator will help employers find developer talent by encouraging computer science students to refer their developer friends, of whom they have more intimate knowledge than any professional recruiter.",false
Kirkland North,Unavailable,W08,Dead,Kirkland North is taking an infectious campus-wide game that it ran at Yale and Harvard last year and spreading it to other campuses around the country.,false
MightyQuiz,http://mightyquiz.com,W08,Fighting,MightyQuiz powers a collection of user generated quiz questions that can be answered and rated on-site or through a distributable widget.,false
Mixwit,Unavailable,W08,Dead,Mixwit describes itself as a combination of Slide and iTunes.,false
Ninite,http://ninite.com,W08,Fighting,"The easiest, fastest way to update or install software. Ninite downloads and installs programs automatically in the background.",false
Omnisio,http://omnisio.com,W08,Exited,"Omnisio was founded in 2007 by Ryan Junee, Simon Ratner and Julian Frumar, and was subsquently acquired by YouTube in July 2008.",false
RescueTime,http://rescuetime.com,W08,Fighting,RescueTime is a frictionless web-based time management tool that keeps track of what you do and for how long when you are on your computer.,false
Snaptalent,Unavailable,W08,Dead,Snaptalent powers a distributed job advertisement network primarily meant for developer listings.,false
Tipjoy,Unavailable,W08,Dead,"Tipjoy is a simple, social payments engine that allows merchants to sell digital content and features, charities to raise money for causes, and individuals to give money to one another.",false
Webmynd,http://webmynd.com,W08,Fighting,WebMynd is a Y Combinator-funded startup launched in January 2008.,false
Wundrbar,Unavailable,W08,Dead,Wundrbar wants to improve upon the search bar experience by providing users with powerful inline commands.,false
YumDots,http://yumdots.com,W08,Fighting,YumDots wants to be the go-to mobile application for finding places to eat when out on the town.,false
280 North,http://280north.com,W08,Exited,"280 North is a web application company based on their proprietary application framework, Cappuccino.",false
8aweek,Unavailable,W08,Dead,8aweek is a Firefox extension that monitors surfing behavior to let you know when you spend too much time on time wasting sites.,false
Adpinion,Unavailable,S07,Dead,Adpinion was trying to get rid of the antagonism between advertisers and web surfers by letting you vote for the ads you want.,false
Anywhere.fm,http://www.anywhere.fm,S07,Exited,Anywhere.fm lets you upload your music collection onto their site and then play your music anywhere from the web.,false
Appjet,http://appjet.com,S07,Exited,AppJet is an online programming tool for building simple web apps.,false
Biographicon,Unavailable,S07,Dead,Biographicon was a wiki-based website containing biographies of famous and non-famous people.,false
Bountii,http://bountii.com,S07,Fighting,"Browse the best deals on electronics and appliances from top stores like Amazon.com, Newegg, CircuitCity, Best Buy, Walmart, and Dell.",false
Clickpass,http://www.clickpass.com,S07,Exited,Clickpass makes OpenID easy to use and brings OpenID closer to the mainstream than any other company has done before.,false
Cloudant,http://cloudant.com,S07,Fighting,The Cloudant Data Layer is the cloud database service managed by experts.,false
Disqus,http://www.disqus.com,S07,Fighting,"Beautiful, real-time, engaging discussions for your website. With a few quick steps, you can turn your old comment system into a new way to engage your visitors.",true
Draftmix,http://www.draftmix.com,S07,Fighting,On DraftMix fantasy sports fans can sign up and play pickup games against other players on the site for virtual dollars or for real money .,false
Dropbox,http://www.dropbox.com,S07,Fighting,Dropbox was founded in 2007 by Drew Houston and Arash Ferdowsi.,false
Fuzzwich,Unavailable,S07,Dead,"Habit Industries is currently pursuing the online animation space with Fuzzwich and has previously launched Minivid, a simple, playful animator.",false
iJigg,Unavailable,S07,Dead,iJigg is a social music site that lets users vote on submitted singles using Digg-like voting.,false
Justin.tv,http://www.justin.tv,S07,Fighting,"Justin.tv is the easiest way to create live video and show anyone in the world what's happening right now. Justin.tv makes it fun, easy and fast to gather and engage with a live audience.",false
Reble,Unavailable,S07,Dead,"Reble offers a software download, only for windows, that allows users to stream music from your friends who also have installed Reble.",false
SlapVid,Unavailable,S07,Dead,"SlapVid was a video site built on peer-to-peer technology that allows you to browse, search and watch video pulled from top video sites.",false
SocialPicks,http://www.socialpicks.com,S07,Exited,SocialPicks provides individual investors with a trusted online investing community where they can invest smarter together.,false
Songkick,http://songkick.com,S07,Fighting,"Launched October 2007 by co-founders Ian Hogarth, Michelle You and Pete Smith, Songkick is an online database of concerts for music enthusiasts.",false
Splashup,http://www.splashup.com,S07,Fighting,"Splashup, formerly known as fauxto, is an online image editing service that provides some advanced tools and is unique for its incorporation of image editing layer effects.",false
Zecter (Versionate),http://www.zecter.com,S07,Exited,Zecter is creating technology that aims to make it easy to share files with others over the internet.,true
Auctomatic,http://auctomatic.com,W07,Exited,"Auctomatic, a Y Combinator company, offers an auction and marketplace management system for all of those individual sellers on such sites as Ebay, Amazon, Overstock and others.",false
Buxfer,http://www.buxfer.com,W07,Fighting,"Buxfer is the next-generation personal finance solution, taking money management to the web.",false
Heysan,Unavailable,W07,Exited,"Heysan is a free mobile messaging and community based in San Francisco, California.",false
Octopart,http://octopart.com,W07,Fighting,"Vertical search engine Octopart, which launched not too long ago, focuses on putting an end the inadequate search engines used by electronics parts manufacturers.",false
Parakey,http://www.parakey.com,W07,Exited,Parakey was founded in early 2006 by Blake Ross and Joe Hewitt of Mozilla/Firefox fame.,false
SocialMoth,http://socialmoth.com,W07,Fighting,Socialmoth is a community to post your thoughts anonymously.,false
Tsumobi,http://tsumobi.com,W07,Fighting,Mobile applications have so far been nightmares to implement.,false
View3,Unavailable,W07,Dead,None,false
VirtualMin,http://www.virtualmin.com,W07,Fighting,"Virtualmin is taking on the lack of innovation in the server admin programs, like Plesk, by making a more accessable version for pages managed by the non-technical crowd.",true
Weebly,http://www.weebly.com,W07,Fighting,Weebly is an AJAX website creator that allows you to create pages with template skins and content widgets.,true
Whitenoise Networks,Unavailable,W07,Dead,Whitenoise is like a social network for the music industry.,false
Writewith,Unavailable,W07,Dead,"Writewith is a collaborative writing web app, enabling you to easily flow through the steps of writing, editing, and publishing a document with a group.",false
Zenter,Unavailable,W07,Exited,None,false
JamGlue,Unavailable,S06,Dead,Jamglue is an online community where you can listen to or mix music from a library of user-contributed music.,false
JumpChat,Unavailable,S06,Dead,"A platform bridging mobile text messages, email, and IM communication without needing to download anything. Users can send mass messages on any of the platforms and JumpChat will send it to the platform the receiver activates.",false
LikeBetter,Unavailable,S06,Dead,"An online personality test game, where you look at two photos and choose which one you “Like Better”.",false
OMGPOP,http://omgpop.com,S06,Exited,"OMGPOP (formerly known as iminlikewithyou) developer and publisher of multiplayer, social and mobile games.",true
PollGround,Unavailable,S06,Dead,A social polling site. Pollground allows you to easily create surveys and allow the “wisdom of the crowd” to answer your questions. Questions and comments can be posted anonymously.,false
Scribd,http://scribd.com,S06,Fighting,Scribd is a social reading and publishing website.,false
Shoutfit,Unavailable,S06,Dead,A “fashion related community”.,false
Talkito,Unavailable,S06,Dead,A service that enables its users to meet and chat when they visit the same websites.,false
Thinkature,Unavailable,S06,Dead,An online collaboration environment that allows users to chat and draw diagrams on a shared whiteboard.,false
Xobni,http://www.xobni.com,S06,Fighting,Xobni (the word inbox spelled backwards) makes your inbox and address book smarter.,false
AudioBeta,Unavailable,W06,Fighting,None,false
Clustrix,http://www.clustrix.com,W06,Fighting,Clustrix has built a NewSQL database with no limits.,false
Flagr,Unavailable,W06,Dead,"Flagr enables users to share places, adding photos, video and descriptions from their mobile phone.",false
InklingMarkets,http://inklingmarkets.com,W06,Fighting,Inkling provides a platform for companies to run their own internal or external prediction marketplaces.,false
Snipshot,http://snipshot.com,W06,Fighting,Snipshot is a photo editor that lets you start editing any photo with one click of a bookmarklet.,false
Wufoo,http://wufoo.com,W06,Exited,"Wufoo's HTML form builder helps you create online web forms. Use our web form creator to power your contact forms, online surveys, and event registrations.",false
YouOS,Unavailable,W06,Dead,YouOS provides a platform for developers to create and distribute applications that live in a browser-based “desktop” environment.,false
ClickFacts,http://clickfacts.com,S05,Fighting,ClickFacts is a Malware Software Solutions company for buyers and sellers of online media.,false
Infogami,Unavailable,S05,Exited,None,false
Kiko,http://kiko.com,S05,Exited,"Kiko is a web calendar for anyone who wants to keep and share a
calendar online.",false
Loopt,http://www.loopt.com,S05,Exited,Loopt is a social service that connects people to their community.,false
Memamp,Unavailable,S05,Dead,None,false
Reddit,http://reddit.com,S05,Exited,"Launched in 2005, Reddit is a social news website that displays news based on your personal preferences and what the community likes.",false
Simmery,Unavailable,S05,Dead,None,false
TextPayMe,http://www.textpayme.com,S05,Exited,"Founded in 2005, TextPayMe is an SMS payment service that lets you send money to other people using cell phone text messaging.",false
